<annotation>
   <folder>BUS</folder>
   <filename>FILE01182.tif</filename>
   <source />
   <owner />
   <size>
      <width>498</width>
      <height>291</height>
      <depth>1</depth>
   </size>
   <BIRADS><diag>0</diag></BIRADS><segmented>0</segmented>
   <object>
      <name>benign</name>
      <pose />
      <truncated>1</truncated>
      <difficult>0</difficult>
      <bndbox>
         <xmin>147</xmin>
         <ymin>24</ymin>
         <xmax>319</xmax>
         <ymax>117</ymax>
      </bndbox>
   </object>
   <object>
      <name>__background__</name>
      <pose />
      <truncated>1</truncated>
      <difficult>0</difficult>
      <bndbox>
         <xmin>70</xmin>
         <ymin>148</ymin>
         <xmax>447</xmax>
         <ymax>281</ymax>
      </bndbox>
   </object>
</annotation>