<annotation>
   <folder>BUS</folder>
   <filename>FILE01654.tif</filename>
   <source />
   <owner />
   <size>
      <width>777</width>
      <height>535</height>
      <depth>1</depth>
   </size>
   <BIRADS><diag>0</diag></BIRADS><segmented>0</segmented>
   <object>
      <name>benign</name>
      <pose />
      <truncated>1</truncated>
      <difficult>0</difficult>
      <bndbox>
         <xmin>322</xmin>
         <ymin>110</ymin>
         <xmax>410</xmax>
         <ymax>197</ymax>
      </bndbox>
   </object>
   <object>
      <name>__background__</name>
      <pose />
      <truncated>1</truncated>
      <difficult>0</difficult>
      <bndbox>
         <xmin>22</xmin>
         <ymin>219</ymin>
         <xmax>747</xmax>
         <ymax>510</ymax>
      </bndbox>
   </object>
   <object>
      <name>__background__</name>
      <pose />
      <truncated>1</truncated>
      <difficult>0</difficult>
      <bndbox>
         <xmin>21</xmin>
         <ymin>13</ymin>
         <xmax>296</xmax>
         <ymax>160</ymax>
      </bndbox>
   </object>
</annotation>